create_date,uuid,label,action,pose,usrn_len,pswd_len,total_time,hold-time,inter-time,distance
2023-08-30-10:11:09,699135f7fb75498bbd11ee45b2949bae,huey,1,2,11,10,11772,"[21, 47, 31, 18, 90, 44, 67, 32, 48, 61, 20, 51, 47, 22, 56, 49, 35, 39, 38, 51, 49]","[0, 904, 362, 571, 638, 560, 395, 520, 118, 267, 423, 1869, 315, 369, 154, 210, 299, 448, 531, 343, 110]","[0, 246.71080686143895, 180.49315160907844, 250.85298926307854, 279.0718744537169, 208.14124477810196, 211.79654807805005, 216.25936074794802, 10.20348524334267, 137.7574357743026, 185.91276329385127, 119.54032327582564, 181.17456284540117, 205.83110660064102, 66.60413734229361, 89.02933349308094, 191.80140191817625, 244.36857408431223, 292.76080490545337, 117.22959429161986, 37.60171390892829]"
2023-08-30-10:14:13,53b88ef10a6c44c6bb0ef1364374a3e8,huey,1,4,11,10,9927,"[2, 21, 29, 35, 21, 38, 28, 49, 35, 65, 45, 48, 30, 52, 58, 54, 38, 35, 48, 64, 65]","[0, 417, 364, 591, 410, 432, 338, 415, 112, 237, 465, 1238, 366, 576, 161, 188, 347, 306, 472, 214, 75]","[0, 265.3352177487523, 194.32504270479973, 266.25572502973733, 303.014851121195, 232.57806335842503, 231.17141307311817, 228.88522111408693, 11.080513425729848, 134.76110549990145, 181.22944327870985, 131.5750736271882, 174.38463235044537, 219.45715856276928, 76.48529270389177, 86.88514129457221, 207.7769236464916, 261.2870919973745, 297.7005393194831, 108.35179329900873, 28.38231060987735]"
2023-08-30-16:22:13,f61345bea16d40ab90b27f90a62ba937,27,1,3,11,8,16559,"[3, 72, 105, 71, 75, 82, 89, 59, 63, 118, 104, 100, 37, 71, 75, 87, 89, 58, 80, 1, 60, 1, 78, 58, 78, 79, 77, 80, 107, 63, 79, 63, 78, 73, 104, 72, 90, 69, 80, 125]","[0, 173, 221, 656, 161, 77, 94, 120, 64, 168, 499, 96, 182, 808, 343, 103, 100, 98, 563, 293, 133, 2396, 295, 57, 629, 119, 89, 101, 454, 145, 180, 217, 73, 139, 109, 25, 575, 358, 307, 465]","[0, 69.52612838943007, 179.63607483856003, 102.69056881325017, 134.47236495288226, 182.96929215548323, 2.9829935343475023, 31.116409098451033, 62.14620405279032, 119.11029052734372, 110.41395302870284, 10.1819005472566, 134.22842979618676, 163.02429588355824, 15.679782814146842, 1.3755922799920914, 1.3756120180960614, 2.3585763903187624, 152.74039717456617, 114.21098997324242, 115.11864288065077, 112.86767440412977, 304.6182920756333, 184.87419866882254, 163.92327951668338, 1.0004069010416288, 6.014472833611996, 1.668212890625, 62.57668660566937, 86.32757250027429, 105.98734489253422, 148.14629921916367, 110.26542747926665, 79.17441355439495, 223.3788882328611, 187.6693903354351, 106.01215168983833, 34.05205831846362, 213.93123054379868, 211.88930673310438]"
2023-08-30-16:25:42,e21104f948754c1f94e0484c858ae778,shikaka,1,3,11,7,13205,"[0, 95, 86, 96, 55, 73, 72, 64, 64, 2, 68, 79, 74, 1, 104, 78, 79, 77]","[0, 1206, 143, 923, 102, 1135, 100, 652, 466, 457, 402, 1581, 268, 188, 474, 90, 87, 114]","[0, 76.96060390068425, 2.6895541939559267, 183.5907713790332, 6.374201631270396, 111.83033974455859, 4.015552738059475, 82.87487766185639, 228.3187135404912, 293.76439478893764, 287.9890592131973, 252.43644347746257, 198.30732018641095, 254.03753539332584, 114.7397129566493, 108.53418329470733, 171.71582126787558, 209.17516562578749]"
2023-08-30-16:28:21,82840ec8e1ae46be94ceb1fef8e90d1e,cyf,1,1,11,10,20407,"[59, 100, 74, 1, 109, 59, 84, 101, 118, 92, 80, 94, 100, 69, 111, 81, 105, 100, 87, 68, 78]","[0, 866, 380, 695, 853, 155, 518, 333, 287, 223, 911, 4442, 863, 299, 937, 216, 344, 246, 478, 277, 492]","[0, 236.55446085606008, 205.26826944694596, 38.46149317125984, 133.17378464713687, 5.660659564006164, 73.46909237840326, 38.0410643677188, 37.03995067222002, 38.18112216848019, 106.45747006241945, 146.38573605995168, 108.31605576448219, 181.4264827992383, 213.00264835913134, 67.23969581771206, 54.55830324007892, 61.422754765780354, 123.74148668409791, 110.11001881344609, 208.38414862686795]"
2023-08-30-16:34:11,34b427f88dc7409f914bd899da0ee37a,27,1,1,11,8,12273,"[1, 78, 85, 82, 78, 57, 78, 60, 80, 1, 79, 2, 86, 80, 71, 69, 78, 71, 72, 73, 84, 84, 43]","[0, 250, 946, 426, 234, 317, 97, 118, 272, 374, 208, 1673, 470, 229, 249, 506, 285, 124, 125, 429, 587, 568, 287]","[0, 68.32258768719937, 187.2030129571268, 110.93175149615288, 146.84840416283694, 190.6264234204233, 6.014486369970155, 40.392746989238475, 74.7388361058697, 101.271650948295, 103.10408799072157, 119.41202206745719, 89.66530297981701, 34.86463580250107, 83.75632787631196, 104.27165346869502, 149.53612592380117, 103.01762739319754, 81.80115178301301, 223.12400942345707, 202.75160956910005, 225.06864456633758, 213.5967259464444]"
2023-08-30-16:35:04,1a017b1cb5a94c5bb0942ff5a1d8936f,27,2,2,11,8,11078,"[107, 68, 84, 82, 96, 81, 60, 79, 78, 1, 62, 78, 73, 67, 76, 92, 58, 81, 76]","[0, 259, 343, 451, 316, 536, 90, 308, 184, 589, 242, 1734, 357, 224, 321, 307, 344, 551, 418]","[0, 66.11500690323328, 181.3030312769571, 104.84661016250351, 141.13420158006133, 186.18699700144344, 12.83866922104082, 32.65031830440682, 73.43839432376977, 105.68589087826383, 126.18023048829258, 156.15635599385163, 98.74792319592818, 126.36483068889211, 154.16208484714326, 121.78124528414799, 54.3430476594156, 240.23339159104245, 206.76712834191738]"
2023-08-30-16:37:05,cf6f6cddc5294150ad8c0035b2c1792e,27,1,4,11,8,10425,"[2, 60, 88, 83, 77, 73, 71, 82, 79, 1, 52, 96, 72, 78, 97, 86, 91, 99, 68, 87, 82, 70, 60, 72, 65]","[0, 157, 332, 299, 169, 240, 68, 78, 147, 264, 225, 1256, 208, 128, 193, 134, 109, 470, 195, 718, 823, 117, 257, 537, 189]","[0, 79.07321166992188, 170.09575148939672, 101.74613729259812, 137.2243506166382, 179.8359635679296, 5.590243377605959, 41.039349443778974, 75.73973265014448, 107.92662747520367, 111.61913297463275, 117.78200318035624, 73.17344406387606, 108.83525483814394, 143.79065827642336, 99.09189139735165, 76.07701302692446, 218.0430400766296, 184.75656195511334, 96.86550055749285, 34.092303193650324, 4.218306800389592, 5.272959091400653, 209.86521101358312, 209.49702368316179]"
2023-08-30-16:37:33,b9956c3ca8224557be3677a9292d1590,27,1,5,11,8,5680,"[1, 76, 77, 81, 64, 71, 46, 95, 58, 1, 38, 1, 55, 61, 60, 65, 65, 95, 59]","[0, 233, 185, 323, 170, 131, 91, 96, 61, 262, 109, 1209, 340, 142, 135, 63, 114, 18, 46]","[0, 58.5806627060498, 190.57538154501816, 113.11701535472848, 153.49318435859024, 189.84712393354138, 4.056922643127265, 35.44922194473732, 85.89924301343554, 109.62631621397558, 113.11700518330758, 132.48068800113583, 69.92887577075498, 118.6859372753097, 158.44980987820284, 115.93025922631972, 83.75913797376897, 237.53776622076762, 196.50799283161192]"
2023-08-30-16:40:57,b7d34d67cd5343d1b3f93eb007461a56,27,2,3,11,8,18151,"[1, 96, 77, 77, 53, 78, 65, 32, 94, 64, 72, 51, 83, 87, 75, 73, 77, 64, 55, 88, 49, 787, 219, 82, 74, 85, 88, 86, 87, 74, 60, 71, 70, 60, 55, 2, 67, 96, 67, 43, 42, 48, 53, 69, 29, 41, 75, 75, 42]","[0, 193, 144, 287, 137, 23, 127, 140, 410, 947, 108, 136, 966, 585, 187, 534, 90, 120, 41, 169, 159, 1381, 305, 87, 94, 85, 73, 81, 70, 88, 608, 307, 105, 137, 117, 253, 111, 1417, 229, 130, 163, 111, 124, 54, 28, 839, 105, 52, 91]","[0, 61.651368821489754, 191.0253635776794, 110.43608081844599, 128.15377024726246, 179.66331975208368, 22.30260055859083, 24.135396593520813, 183.86511828485095, 51.28862583497154, 5.550922640502266, 3.3530518394943107, 6.149094940048965, 197.1894604339798, 146.2208777262084, 183.86710583267202, 9.851217297483062, 46.852386597289666, 77.11518589288704, 102.78830857021487, 111.98218374213234, 171.07340497965276, 9.439303793202717, 5.7109987019640815, 6.877685147739992, 1.055031878757777, 0.745710855255976, 3.0197895373991646, 0.33363850911450754, 2.4288663389626923, 158.1454034820112, 171.04471968777983, 11.363431060794166, 43.503721914653156, 62.05837288562477, 111.11087123801327, 105.40988363456488, 119.26387624209423, 69.66232940152995, 93.44036847784324, 144.42615977200754, 107.42314720545649, 64.42402268525346, 215.591299577869, 177.3063694860435, 117.61666331250406, 3.33642578125, 216.38749869173222, 206.70638613000727]"
2023-08-30-16:41:37,1a7e9bd463dd4a0bbed3c5e9fdcc9732,27,2,2,11,8,15979,"[1, 67, 68, 72, 76, 80, 51, 76, 80, 71, 55, 90, 62, 68, 78, 78, 63, 0, 79, 86, 86, 99, 58, 58, 65, 84, 66]","[0, 267, 489, 486, 462, 478, 77, 567, 170, 446, 302, 2215, 408, 216, 424, 245, 274, 1380, 313, 85, 326, 67, 740, 306, 149, 298, 206]","[0, 86.24490346039322, 173.49909545220154, 122.83943889741616, 149.9593953475675, 169.52995510872776, 5.377760832763933, 25.202504807212545, 89.43851025728134, 84.81072262117883, 101.10735736926732, 135.84696821237122, 80.00268327222248, 118.07385021319435, 142.475841598645, 172.87694741050993, 38.57665820305671, 85.7843272609171, 60.49980463443248, 2.4050664544647056, 18.891715162815387, 5.708165152978743, 187.9029356585301, 100.12822748145497, 77.38708043999299, 229.98354577016957, 198.73244556539544]"
2023-08-30-16:42:18,a8b216523c1741f1ab5f3cf2751e801f,27,1,1,11,8,9629,"[1, 71, 88, 53, 72, 69, 92, 78, 69, 3, 76, 88, 81, 73, 76, 69, 65, 72, 68, 74, 59]","[0, 182, 948, 404, 220, 301, 75, 72, 138, 265, 164, 1549, 173, 109, 204, 121, 124, 216, 1080, 433, 171]","[0, 75.2762658145739, 168.501208934447, 103.25051587640864, 150.54506398314695, 195.97316386942356, 11.108363188043752, 36.20082993843559, 77.24075244129224, 99.7009394165734, 93.40307563751998, 120.10698524762621, 84.05961623814719, 103.82856533004244, 147.69889076314527, 104.01287074582595, 83.31818545543291, 219.28115232804916, 196.2839403641898, 218.9610124525292, 201.362479097595]"
2023-08-30-16:43:37,61d47b292c184b869db321fbef2d8305,shikaka,1,1,11,7,18230,"[1, 26, 30, 64, 83, 50, 70, 51, 70, 1, 60, 89, 90, 100, 91, 42, 69, 54]","[0, 990, 136, 936, 68, 684, 73, 579, 508, 793, 759, 3104, 796, 952, 1153, 629, 430, 1375]","[0, 78.52567888856997, 3.904963989933324, 172.82699201640247, 6.577963258975356, 110.77374354534123, 2.6050629449889144, 73.32044487455282, 212.37352940146874, 291.94001822639575, 283.2905325973001, 240.00183825657945, 199.8299019025664, 243.42655740781277, 104.3022047652625, 107.79945510475102, 178.7475834677229, 206.5013889995566]"
2023-08-30-16:44:18,6e61f4ecc62b4e97a8ed3d0c974e8b1a,shikaka,1,2,11,7,11219,"[42, 44, 35, 51, 39, 62, 43, 49, 47, 2, 52, 40, 51, 56, 45, 50, 61, 49]","[0, 571, 98, 582, 101, 513, 79, 761, 545, 615, 472, 2273, 537, 366, 307, 414, 387, 498]","[0, 72.82672992544383, 1.4151559010623276, 172.85274825474306, 0.9434420591299456, 103.45543586978675, 4.271367770043763, 76.17539230557415, 214.96719812619293, 283.41611907786967, 286.6757579872076, 253.8847141536211, 210.85732339576884, 249.5076476661476, 102.4449033088901, 112.4690840621147, 171.7015828748144, 202.71114531361252]"
2023-08-30-16:45:33,74a5b7db28324db59d4b4061061ed4dc,shikaka,1,4,11,7,12831,"[46, 59, 55, 73, 45, 48, 40, 56, 48, 1, 55, 46, 50, 60, 61, 48, 59, 56]","[0, 751, 104, 699, 102, 663, 123, 461, 654, 512, 478, 2623, 520, 520, 322, 544, 345, 438]","[0, 63.2417245965566, 1.3749952197292485, 180.07539771652412, 8.902436429401888, 109.18711896384006, 1.7004113277687414, 68.39665730794272, 201.46908512534336, 271.26427305047287, 280.39355844887126, 248.51203380874804, 201.57622765514165, 243.18796923950882, 106.47945634373202, 101.10735669823981, 174.30463682276357, 211.30835745419338]"
2023-08-30-16:46:13,b7d46cfe07114a558fa8608b3ba17a32,shikaka,1,5,11,7,8761,"[1, 60, 40, 54, 54, 51, 55, 70, 59, 1, 48, 59, 50, 2, 58, 36, 67, 55]","[0, 324, 89, 658, 81, 401, 80, 373, 164, 248, 28, 3013, 169, 125, 228, 161, 34, 41]","[0, 79.8248228058721, 2.6050629449889144, 174.59811467988345, 2.605049916606628, 115.88186294274516, 2.9829616948411286, 69.06716480368299, 212.91495029491915, 286.0628359590459, 288.3874292808667, 254.99184097367277, 205.34467896491645, 250.5000362062581, 111.10883521251243, 113.66699236459507, 167.63900647212208, 207.90495246769856]"
2023-08-30-16:47:09,616e3b1fcda64d61b970e1fe2f344f64,shikaka,2,1,11,7,20040,"[80, 56, 57, 56, 73, 49, 65, 51, 53, 5, 56, 102, 67, 88, 62, 63, 50, 89]","[0, 929, 97, 814, 70, 471, 66, 353, 478, 866, 1624, 3747, 980, 1812, 867, 474, 622, 2968]","[0, 73.67424329075739, 2.001861572265625, 179.6360732523023, 3.400822655537505, 111.41519806090214, 8.975367835198137, 80.57875405508985, 235.30310313729075, 297.5175436915888, 294.7874086026271, 253.8731777406725, 208.69351139970837, 252.9356859150286, 108.17102278549356, 102.8272602110263, 169.68654540253817, 202.20583333557292]"
2023-08-30-16:47:53,e27233d7c0f34328abe65e9b8469e088,shikaka,2,2,11,7,10954,"[69, 59, 30, 61, 52, 46, 55, 46, 47, 1, 38, 59, 58, 56, 55, 63, 50, 61]","[0, 265, 98, 726, 106, 401, 68, 355, 465, 426, 391, 2523, 337, 491, 292, 455, 373, 399]","[0, 70.35077122488411, 7.074058705333623, 179.69301728202382, 6.0138793096791545, 107.1412060075612, 3.6833139897974356, 79.41315174027282, 217.8775651920844, 295.9709466239448, 276.00273895624, 229.95660070042547, 173.09339830810333, 229.926477473638, 122.33920216938982, 101.48089461691602, 167.89851928794155, 203.56094760312027]"
2023-08-30-16:48:53,239ca1989e9d44f39432f34ff6378569,shikaka,2,3,11,7,10198,"[3, 32, 70, 83, 0, 60, 82, 76, 68, 44, 49, 93, 60, 4, 66, 81, 71, 1, 86, 65, 87, 61]","[0, 571, 530, 67, 403, 271, 68, 661, 71, 382, 77, 372, 164, 216, 90, 2439, 298, 329, 243, 120, 20, 51]","[0, 324.0183860184246, 54.93070222520822, 0.6672770182291288, 324.52022351931237, 65.92315224587894, 4.68052655241671, 185.29150719991577, 5.967761301709281, 110.30375465213945, 0.47174260705074744, 74.8614884198233, 210.90645696227028, 280.97743758076683, 278.5944572588015, 246.02824167168276, 203.50385152498907, 258.9449134579117, 115.24472579109324, 107.80943700967599, 168.20058081090133, 200.2092604743447]"
2023-08-30-16:50:26,0f8d35d31b8e46afa76ab15e6dfb2173,rikkiyy,1,1,11,11,22212,"[1, 118, 97, 108, 1, 2, 2, 117, 54, 100, 3, 98, 112, 107, 73, 95, 88, 101, 115, 66, 120, 89]","[0, 561, 180, 763, 698, 326, 1135, 335, 822, 459, 550, 7958, 549, 680, 159, 251, 430, 259, 318, 745, 459, 210]","[0, 66.46260722571681, 30.826703847321927, 214.8666458781061, 249.2878683132915, 0.33345540364575754, 332.6413256327311, 46.73967125727931, 218.9000507152431, 114.49805516552298, 137.79425048828122, 144.11535031609066, 169.97726875511484, 198.3551352134294, 60.60550649052152, 116.38301297314699, 147.5443005627431, 63.817575347865876, 96.70694986979174, 205.06156480540042, 178.8521808588546, 59.30992202040773]"
2023-08-30-16:51:18,407fe76961fb4682942d4d539c0e5590,rikkiyy,1,2,11,11,15576,"[1, 70, 66, 78, 1, 2, 2, 81, 82, 92, 1, 83, 82, 115, 74, 102, 86, 108, 103, 82, 54, 88]","[0, 368, 170, 678, 660, 211, 721, 531, 747, 500, 596, 3269, 274, 455, 227, 282, 397, 295, 494, 388, 340, 539]","[0, 63.01129518884848, 36.46472748107801, 218.942719177797, 253.25641838724965, 2.02844104445888, 327.58849167190266, 33.530477916087285, 223.21562228611992, 113.446206966139, 141.7983454636987, 144.23698038413949, 183.8162418370445, 211.84668565319112, 69.83128890688627, 99.90160657867442, 132.6666077305147, 77.94467646734142, 106.0447549920548, 215.39366295330194, 184.97420406462737, 72.1103484544184]"
2023-08-30-16:52:37,1c053cace42145a7b638291d4ed1ee3e,rikkiyy,1,3,11,11,14324,"[1, 117, 141, 115, 2, 1, 1, 85, 85, 105, 1, 138, 122, 105, 109, 74, 104, 94, 113, 105, 102, 52]","[0, 280, 188, 333, 457, 185, 324, 251, 303, 688, 441, 4217, 829, 226, 237, 577, 196, 214, 520, 235, 89, 217]","[0, 73.40810926237661, 33.35888388851303, 224.69593045856894, 258.6090676407792, 2.5407382470197803, 330.306511618483, 52.38291789553625, 207.3216684245766, 110.15242749033406, 138.9889227798766, 153.06650700797115, 168.08187680180944, 207.14978842003055, 63.35522941489371, 116.4549242063182, 141.2444736652435, 75.39261842058879, 96.37584519542234, 207.23228701028947, 181.06777096123355, 69.72130828432458]"
2023-08-30-16:53:18,fd1b812b19e242978aede4835a0b3b4e,rikkiyy,1,4,11,11,12389,"[1, 88, 54, 44, 1, 0, 1, 99, 85, 72, 52, 64, 67, 94, 77, 65, 84, 93, 103, 65, 120, 83]","[0, 334, 160, 584, 489, 163, 578, 193, 549, 339, 380, 2239, 363, 401, 147, 210, 381, 180, 208, 313, 367, 136]","[0, 81.40870412190755, 41.38372752288778, 227.25831615486874, 263.9952668551905, 2.35917981053543, 331.06196211761574, 44.37566286577061, 217.27508005683654, 109.48544801579683, 139.3783771263325, 144.53459500804405, 177.05369956543515, 210.46694171033988, 73.37206495960166, 118.8065924584031, 147.4073572206884, 89.23322724281424, 112.10680218254114, 212.72686166728084, 176.53050108994984, 73.75956203461442]"
2023-08-30-16:54:04,a98e48b113a4471fb5b837f875f30b28,rikkiyy,1,5,11,11,9065,"[3, 112, 102, 79, 1, 5, 2, 93, 75, 105, 1, 101, 128, 93, 98, 121, 67, 112, 130, 87, 87, 69]","[0, 185, 159, 273, 390, 199, 252, 163, 275, 185, 407, 2031, 317, 45, 132, 220, 1, 143, 374, 107, 53, 150]","[0, 66.6745955770616, 25.796288238846277, 213.20391265849278, 247.09786154299888, 7.405597586408543, 324.39094092687526, 33.93462572800072, 214.55296475962746, 101.45409399974655, 158.51514230433955, 163.87952401526852, 169.97728017058455, 217.94090028682675, 78.33239800339906, 114.30039086153252, 147.66919900243664, 79.48550439913166, 98.40202762325039, 211.32825246111773, 191.9153469943759, 87.37375741007685]"
2023-08-30-16:54:51,f4eec20ad52d4be7a35ee3064e3c85b1,rikkiyy,2,1,11,11,18630,"[1, 89, 94, 98, 2, 1, 1, 96, 83, 84, 85, 84, 76, 89, 103, 83, 111, 100, 99, 79, 82, 102, 72, 78, 91, 61]","[0, 403, 167, 828, 559, 205, 927, 300, 430, 657, 407, 3540, 353, 623, 1384, 100, 603, 733, 173, 285, 638, 170, 263, 420, 481, 166]","[0, 68.10303473953599, 34.44723432995857, 221.92120872172586, 255.92533180874673, 2.5407542688829645, 330.30597992267946, 44.318574200020024, 222.8732607236237, 118.09442705583285, 132.1643912427467, 138.78251210688578, 146.36619323333684, 210.8920681457182, 39.42060060104793, 0.33365885416662877, 280.14507764397933, 208.20081773465333, 69.03505000123573, 115.21521146429721, 151.22269426092848, 76.56188391055917, 105.04586123681962, 211.15530165351018, 177.02205014316326, 52.66220832638198]"
2023-08-30-16:55:37,97dabccc53fb440a89b9a19412c9aa45,rikkiyy,2,2,11,11,15754,"[4, 81, 77, 87, 3, 3, 8, 138, 103, 118, 1, 105, 84, 124, 86, 93, 101, 106, 72, 113, 102, 101]","[0, 494, 207, 582, 638, 198, 683, 392, 1077, 532, 582, 3182, 426, 577, 205, 424, 474, 160, 317, 728, 538, 176]","[0, 80.6315164190456, 41.94390654287339, 208.57146007681126, 250.40582787021796, 6.133486702871128, 335.44273575637754, 47.96758887728464, 212.00159932994492, 100.49328122061996, 159.14770855006313, 155.83931771251733, 181.71017690287212, 213.31429775277434, 62.44048120599111, 105.58324789955329, 143.55493478860564, 62.52684561809565, 96.18824507511744, 213.93174029689627, 190.5779615386381, 81.71598183839646]"
2023-08-30-16:56:29,a631cf2f4b24425d9da561784586e326,rikkiyy,2,3,11,11,13661,"[5, 106, 112, 76, 2, 1, 1, 85, 88, 77, 2, 107, 95, 93, 99, 116, 72, 113, 116, 134, 88, 70]","[0, 386, 183, 501, 313, 210, 287, 177, 217, 272, 396, 3964, 134, 264, 182, 97, 45, 130, 278, 135, 10, 171]","[0, 63.81513440424914, 24.358163292745, 210.88825473275176, 246.22887201721713, 0.9434474552580441, 313.9828530762888, 35.13386317237634, 204.52297691208173, 99.8628717446896, 143.95438762117024, 151.22007254506582, 175.5699525013592, 217.33546178505637, 81.42809736993708, 106.45189867477143, 138.15364885000324, 83.92959894550506, 99.8694048288406, 203.06040560434647, 176.23895455223217, 72.72160054865776]"
2023-08-30-16:58:41,01a3c166b66d470d92893e8a3e9d0fb1,xiangsy,1,1,11,10,24429,"[85, 73, 4, 66, 54, 43, 50, 68, 65, 45, 69, 72, 58, 82, 44, 77, 24, 58, 54, 57, 67, 84, 81]","[0, 1229, 411, 1240, 902, 399, 478, 422, 143, 710, 362, 1282, 456, 2233, 1008, 1178, 1207, 1143, 1734, 1030, 1021, 560, 361]","[0, 233.54981899894364, 82.90206859199525, 285.4210952106351, 139.79736210647724, 36.753819757952314, 121.29541522888601, 43.81221103611448, 2.850458696932915, 135.48768818302568, 83.82116511625749, 228.084272417761, 228.41193794273642, 162.28856379655818, 203.96885937911796, 220.09615677224548, 199.50027447186002, 80.85518809709525, 118.27917430876528, 162.1720651937783, 66.51460214119696, 69.86584681887852, 40.10477792451558]"
2023-08-30-16:59:56,99e5521e1a814f66922741b8169bb4cc,xiangsy,1,2,11,10,14483,"[2, 47, 1, 54, 39, 49, 15, 69, 70, 68, 61, 38, 57, 81, 70, 54, 62, 56, 51, 69, 52]","[0, 693, 225, 726, 851, 850, 432, 505, 97, 498, 261, 1942, 767, 480, 460, 682, 388, 676, 374, 540, 117]","[0, 242.88870485467226, 74.97652025452521, 283.9679354421704, 143.43674859716972, 33.09112236535291, 99.17251371684281, 33.65658331722811, 1.4919403231297603, 135.04904071858505, 66.73178759967935, 175.16897986268856, 207.89676937415126, 238.37914776738583, 205.10746046355356, 70.57660494913543, 105.8281904125035, 146.84045204056102, 71.5514919015639, 69.77030238076667, 27.812177066953677]"
2023-08-30-17:00:46,b6fdfdd852d44bd480a45c4b8ca60ab6,xiangsy,1,3,11,9,14658,"[1, 60, 2, 54, 58, 27, 75, 84, 55, 96, 46, 72, 73, 75, 75, 102, 90, 64, 71, 57]","[0, 248, 287, 743, 493, 376, 492, 394, 274, 322, 375, 4177, 702, 779, 286, 402, 407, 389, 411, 246]","[0, 243.9070612653272, 88.80827476269491, 301.059318366888, 158.55898704284093, 32.42509130292321, 125.31166658857819, 44.70365146339172, 4.178863041463963, 157.2600957278006, 71.71025434468751, 172.74328183435884, 214.37254645764338, 102.43901377320506, 56.70877448493971, 128.46308643325148, 143.35610352379396, 68.41493622970985, 45.27864462521517, 16.564042316919497]"
2023-08-30-17:02:02,a3bfdd30b9a346dfa23ebbc82b5995c9,xiangsy,1,4,11,10,11495,"[1, 49, 34, 63, 58, 60, 49, 63, 61, 50, 59, 54, 54, 49, 66, 61, 38, 63, 64, 70, 64]","[0, 629, 189, 598, 386, 262, 484, 309, 83, 521, 245, 2060, 476, 382, 500, 232, 392, 461, 249, 239, 103]","[0, 248.90806112631694, 63.483723373531305, 276.9359204537466, 142.6898720665982, 35.46656472587821, 105.47365302281958, 37.381325217933885, 0.0, 137.8430664013242, 67.4992751695215, 172.56150004027285, 216.78229098130936, 253.41904973629974, 216.18140992659832, 74.84964842822782, 114.21523448275141, 152.24644619448594, 73.14017617710216, 76.82533544122761, 39.050133083745344]"
2023-08-30-17:02:55,761db4235c18456990bf4757e11c0714,xiangsy,1,5,11,10,17274,"[1, 62, 4, 45, 59, 53, 59, 76, 69, 59, 45, 62, 52, 54, 26, 71, 51, 33, 36, 77, 58, 3, 82, 64, 86, 72, 82, 60, 61]","[0, 276, 225, 704, 377, 340, 552, 717, 88, 332, 235, 1050, 115, 97, 260, 930, 76, 673, 310, 3401, 688, 536, 300, 182, 405, 283, 364, 193, 96]","[0, 241.56067175727932, 94.41502165706562, 288.31809805868534, 138.15364963574058, 32.91524086877313, 96.77693188646272, 25.8186137624333, 2.8691352248078204, 144.18099127713933, 55.868408195319766, 206.50044323589205, 1.0546522913656455, 1.2027476534004085, 8.75584442631313, 274.60489262147826, 4.634514025438678, 133.8108998982663, 65.40119566508095, 180.79139412285855, 227.3370549074078, 263.4300989510528, 227.7904862681089, 79.64980156373662, 125.93487135303948, 158.73562616066522, 73.19301501529512, 76.45063344943286, 37.04779094260794]"
2023-08-30-17:03:58,fe84106cacc94742a138b88d7554e904,xiangsy,2,1,11,10,16697,"[74, 64, 64, 73, 74, 53, 50, 64, 58, 67, 37, 67, 74, 91, 33, 57, 69, 70, 63, 70, 65]","[0, 812, 174, 1441, 863, 350, 679, 433, 99, 701, 499, 3428, 593, 838, 687, 394, 375, 600, 270, 197, 114]","[0, 243.9036521417625, 62.32979501785997, 279.59538551448134, 146.81206090028053, 31.78185239790485, 121.79083847803473, 40.205802858100725, 5.275082204560118, 144.969981344078, 92.67064345098026, 158.7253379720771, 204.23619316498522, 221.2137522196563, 196.77727850313846, 65.63979008451939, 118.79348319804619, 162.3413697122558, 80.01230148626561, 80.32441780144907, 32.209013178413734]"
2023-08-30-17:04:41,d89805bd9b9541c98f81d2960f4e3d96,xiangsy,2,2,11,10,11264,"[1, 46, 59, 57, 46, 51, 65, 69, 48, 65, 54, 56, 57, 64, 45, 44, 71, 56, 51, 70, 54]","[0, 447, 129, 621, 345, 252, 304, 241, 85, 326, 182, 2693, 520, 322, 518, 528, 299, 377, 391, 234, 89]","[0, 236.2648290647145, 73.83633583885405, 274.0163482437029, 139.13168110293444, 33.138146707838125, 100.43517363685126, 26.167666277719835, 7.738702431081128, 133.4673045998184, 70.57598571281548, 168.51546791720185, 209.9381672666345, 240.59815766517585, 200.96995747395397, 70.55658049715588, 96.2762677820162, 141.17833853530047, 65.3689260603945, 64.72644073064573, 35.97732147739783]"
2023-08-30-17:05:43,e4e73b855d2f4250b5b87d588e07f046,xiangsy,2,3,11,10,13628,"[1, 61, 72, 71, 64, 62, 75, 72, 49, 73, 44, 75, 68, 66, 80, 82, 80, 80, 54, 50, 60, 1, 74, 61, 76, 81, 82, 67, 66]","[0, 257, 176, 623, 522, 309, 443, 339, 157, 409, 231, 947, 113, 98, 325, 941, 205, 399, 397, 1500, 479, 258, 282, 204, 236, 217, 204, 199, 115]","[0, 257.9752988067639, 66.8078819182013, 288.7988143417969, 167.52857798047177, 41.710613533228695, 117.7376052939335, 27.89975869781665, 4.740483957199593, 163.9007902529044, 79.87879412490585, 193.95864146920425, 12.234896069743014, 4.45123803926159, 6.475898290417373, 254.93503852461825, 17.793669396521256, 163.33123959949867, 78.51367335820936, 182.31262018994715, 219.88755009174753, 252.8765512486978, 226.2600873719336, 66.54043567797731, 130.6135151152423, 167.47411929470366, 74.22957965838947, 71.10579783368789, 37.46185414072109]"
2023-08-30-17:07:12,caf01cadf68d4343b4524e7f8b632107,lir,1,1,11,5,24344,"[3, 90, 77, 104, 90, 101, 105, 1, 101, 109, 113, 83, 98, 81, 88, 117]","[0, 1659, 1062, 810, 959, 682, 446, 1304, 418, 989, 529, 5549, 503, 1379, 532, 177]","[0, 254.59087640504006, 181.52619582068607, 44.419506793401034, 42.04421037648633, 69.47766745753005, 80.60737116067648, 221.27357801125973, 32.14195288532862, 117.63129071265618, 67.24721610243492, 144.51694481319748, 77.3759547495051, 147.8129118496837, 106.70788418846485, 32.14055386745558]"
2023-08-30-17:08:14,5711ff6fca8943968afff073cbea7d07,lir,1,2,11,5,13400,"[0, 48, 69, 60, 65, 55, 67, 0, 52, 64, 53, 80, 59, 90, 110, 68]","[0, 854, 844, 683, 196, 483, 380, 566, 377, 514, 371, 3470, 277, 837, 357, 165]","[0, 257.2934890612769, 177.62291733665523, 45.6148932344446, 33.31385232915638, 76.76379223660793, 76.41062227919682, 232.49162560999292, 50.09052124797754, 108.75374079293051, 63.57089640489967, 146.3589890795447, 76.89588856557572, 142.88695099837, 113.85457530709614, 25.376538467702556]"
2023-08-30-17:08:53,921cc7ea48dd47c08267989e0a6d7847,lir,1,3,11,5,10179,"[72, 104, 80, 83, 110, 99, 58, 1, 61, 67, 78, 90, 98, 100, 107, 72]","[0, 903, 285, 182, 166, 484, 285, 297, 250, 380, 342, 3047, 206, 410, 276, 124]","[0, 247.57063098668738, 175.5160946762257, 46.10176852874781, 39.041840164716575, 63.39553723070308, 81.6058487878464, 216.9251336061924, 37.1302509626717, 93.85711120965355, 80.11857645656795, 137.82095566966478, 81.06602789219302, 137.38015200137923, 103.76326163047392, 37.058316258138774]"
2023-08-30-17:09:34,539d406e569841ed97694b03aaaea4c8,lir,1,4,11,5,11233,"[2, 67, 59, 64, 60, 61, 50, 1, 62, 46, 43, 57, 58, 62, 63, 46]","[0, 583, 438, 203, 181, 1214, 246, 1245, 221, 678, 468, 1449, 186, 627, 437, 143]","[0, 249.7267570685998, 177.0114060021294, 43.57230710961382, 31.158600310634835, 75.73972247801285, 78.14348188486215, 216.62650208070121, 28.310196553997894, 111.4863873196567, 67.73019097106689, 139.60682295999013, 72.47823040784363, 143.8001913095715, 108.43578728021379, 36.18732273803459]"
2023-08-30-17:10:09,3d23537b57844c359de4a6ea2483fdc2,lir,1,5,11,5,10056,"[3, 42, 55, 97, 81, 72, 46, 1, 73, 58, 68, 73, 79, 83, 93, 57]","[0, 185, 500, 137, 696, 375, 399, 320, 262, 268, 230, 2929, 250, 492, 216, 126]","[0, 247.2345360508252, 172.63514725949244, 36.1709677201447, 35.88570892123776, 66.74927249329313, 74.64396757881775, 223.88289673597674, 49.717169824808934, 97.77765091472389, 70.55911094014111, 147.16864927422395, 69.92436167894277, 139.3987223942254, 104.81744009985081, 30.954835158824856]"
2023-08-30-17:10:55,4b08f985b83d4546b1f1f591fd2d386f,lir,2,1,11,5,15192,"[1, 44, 84, 104, 91, 75, 86, 1, 87, 85, 69, 88, 80, 74, 121, 79]","[0, 933, 525, 246, 260, 644, 490, 784, 307, 704, 356, 4364, 212, 688, 442, 175]","[0, 256.4048890629465, 184.7574189387196, 33.73909073723964, 31.342188467807404, 74.7834642825925, 78.23235267115857, 223.25214783719747, 31.334117654283627, 121.89624768481845, 72.14384544523672, 132.34580653311198, 67.44159774326226, 151.80357694080982, 114.07182128874574, 37.03864763327899]"
2023-08-30-17:11:36,e5616ffb18be438e9a91023422d7c6da,lir,2,2,11,5,12980,"[1, 71, 65, 79, 52, 64, 78, 1, 85, 75, 69, 61, 56, 86, 75, 64, 51, 68]","[0, 610, 745, 520, 279, 698, 235, 446, 260, 701, 321, 2067, 176, 753, 376, 145, 1224, 803]","[0, 264.97993324587515, 201.19621841096784, 24.135387595699704, 45.141582973745564, 53.78469728125461, 91.16595285736135, 229.27430355715342, 28.892224547818667, 123.26022778702199, 86.12103125024097, 127.41613689854702, 80.1675084906494, 155.70532506467066, 109.09625600783164, 62.23281819690208, 112.31149163995245, 114.38301502913635]"
2023-08-30-17:12:19,7de287a82bcb4d13bad302323ae38f64,lir,2,3,11,5,9858,"[1, 85, 86, 93, 94, 74, 66, 66, 95, 92, 95, 78, 84, 97, 33, 60]","[0, 973, 297, 182, 214, 346, 329, 181, 231, 297, 378, 2066, 217, 506, 283, 221]","[0, 251.59808657722854, 167.76737166648124, 45.89638345623048, 40.95878715103471, 61.05154809190774, 81.7593536552576, 208.43298654419206, 32.74757825830184, 104.76419746997415, 68.3974599811493, 128.69845750070138, 70.99455337831269, 135.12880496115415, 87.15874493308422, 44.206383244694855]"
2023-08-30-17:13:49,9d395f77b2c347c4aebe7c4244bf3e5b,zlf666,1,1,11,3,14840,"[5, 58, 67, 80, 58, 2, 66, 68, 58, 61, 57, 83, 1, 72]","[0, 717, 431, 420, 439, 427, 493, 606, 195, 394, 305, 1773, 698, 414]","[0, 248.85822279805632, 180.72487297037551, 45.83046868722769, 158.6991874723077, 139.48797677006382, 287.1696161137892, 109.06142851681352, 34.423349578825785, 117.92857628658525, 88.41770715685394, 196.30228800932548, 301.8403900967431, 190.1772557858881]"
2023-08-30-17:14:11,69d2566b433b4fa6b295d930c155d2f7,zlf666,1,1,11,6,11522,"[3, 81, 87, 76, 87, 5, 78, 86, 69, 44, 57, 68, 24, 67, 75, 61, 76]","[0, 411, 724, 221, 705, 417, 579, 863, 190, 466, 229, 2233, 382, 465, 868, 168, 194]","[0, 253.40653736900975, 184.99686225249783, 41.112460147058925, 155.17734800674057, 139.15439943222157, 278.30259636007986, 100.12821839667487, 34.09027287240342, 121.4750677572549, 79.8101966835379, 185.12220913872454, 278.255369792794, 166.9197320853873, 108.31443605678626, 3.3530518394943107, 3.593192757604865]"
2023-08-30-17:16:04,02e9be38adad4f2489a929245dad6544,zlf666,1,2,11,3,9867,"[60, 62, 2, 75, 74, 78, 62, 1, 1, 76, 88, 77, 59, 1, 78, 87, 86, 79, 84, 64, 96, 72]","[0, 1158, 1373, 500, 321, 250, 374, 385, 3174, 829, 404, 163, 723, 456, 686, 439, 155, 437, 290, 1248, 304, 330]","[0, 295.5751924659457, 328.0724312773187, 254.3562859701316, 182.26753646153128, 34.526565524106374, 145.89925389708227, 149.90112290176899, 333.96472338439384, 243.72521408340438, 166.5208813564511, 38.18112216848019, 141.79834536800527, 145.51425918239894, 290.2689394991517, 120.79506482679687, 23.376376458877694, 107.09968101936026, 72.53003130538829, 176.6544653338335, 270.21394622674904, 179.9333298108636]"
2023-08-30-17:16:48,e230cc76001d456e8f311d9e84c6a811,zlf666,1,3,11,6,9705,"[1, 88, 83, 104, 66, 2, 83, 67, 74, 67, 62, 1, 84, 81, 110, 79, 1, 85, 65, 83, 71, 45, 83, 106, 77, 77, 52, 58]","[0, 98, 183, 159, 208, 363, 145, 394, 95, 250, 217, 1994, 162, 536, 179, 245, 368, 163, 467, 78, 148, 157, 1488, 135, 294, 1680, 211, 160]","[0, 272.5625352228854, 194.67801859201091, 35.82565251855256, 157.19750715236142, 132.5268959957117, 284.9687212497216, 110.95028137821032, 41.73859838713224, 112.52014102991328, 69.4264199220789, 149.80870431668916, 262.2733428642113, 182.86636600871418, 46.07281348927257, 153.21118305358738, 141.06372321952807, 286.26815292850944, 103.64390745615111, 44.7391394030744, 111.9138270780042, 74.0873375820446, 189.55412755542588, 269.838882634131, 187.85124203496494, 123.58345835522867, 1.00091552734375, 2.7512141717820042]"
2023-08-30-17:17:22,8a9e2412f89b4a93a9ab0e7e4d04684d,zlf666,1,2,11,6,13524,"[74, 73, 89, 65, 62, 1, 72, 78, 74, 67, 66, 62, 2, 54, 68, 69, 63]","[0, 1217, 425, 214, 710, 505, 506, 974, 209, 364, 197, 1205, 462, 401, 1343, 209, 195]","[0, 248.47364531110355, 175.78074159079716, 42.466262887084014, 146.01890324745497, 147.91220606574925, 290.951525243464, 105.1105357897283, 47.494401701357006, 115.96579990360539, 70.82720929304375, 190.14172568125358, 286.8639458887983, 181.61193876830762, 107.8200064693787, 7.160751121164934, 1.2025388720095709]"
2023-08-30-17:18:01,3627bd91fc024c4897d83cee64e9c6cb,zlf666,1,4,11,6,11990,"[59, 42, 75, 56, 63, 2, 72, 52, 65, 66, 43, 44, 65, 69, 37, 51, 46]","[0, 439, 401, 233, 682, 1174, 627, 484, 158, 292, 174, 2009, 1110, 437, 1251, 160, 124]","[0, 238.5625948204548, 172.69438797030884, 36.75514904850894, 145.76738201985884, 131.5379142216, 272.5987628632231, 101.09415244515951, 31.028727213541657, 105.76931862480566, 89.24110129350066, 199.87631668407727, 267.7081903398044, 173.1616034347371, 113.81866292800912, 5.377765881690746, 6.963425611696509]"
2023-08-30-17:18:32,e2eebfb4d3da4ce28272a1c0a38e96b5,zlf666,1,5,11,6,7098,"[0, 39, 71, 85, 49, 48, 88, 55, 88, 73, 37, 92, 59, 55, 66, 56, 57]","[0, 121, 589, 182, 247, 218, 153, 226, 73, 97, 67, 1615, 118, 254, 662, 172, 128]","[0, 259.0199641793374, 175.9688671094979, 35.011452263743124, 139.41985472372218, 134.12458036554278, 277.62418583129744, 104.33166954293019, 46.446817503285864, 113.36448090980076, 74.79609861557394, 195.3948575962401, 273.52827228323423, 171.49080966916546, 111.11785928839105, 0.7457472458164381, 3.5458777758679116]"
2023-08-30-17:19:10,d234f4af5ad64241887ebb6dda0cacdf,zlf666,2,1,11,6,10601,"[4, 81, 66, 71, 38, 3, 63, 49, 66, 84, 20, 67, 86, 53, 48, 58, 78]","[0, 327, 412, 233, 765, 414, 566, 752, 188, 427, 282, 1667, 614, 366, 651, 243, 383]","[0, 251.61597107348325, 182.22023531759288, 39.753809660684006, 141.46161560710016, 143.32042081713325, 281.6446042370499, 101.16013173137863, 55.07621882909874, 124.8040383608779, 67.9948333903983, 185.37651430453036, 281.86654581900336, 189.40544245066621, 113.91365531377035, 3.607627887840848, 6.877669364435324]"
2023-08-30-17:19:47,0c5faf56d95c4797a5cfe3bd75417738,zlf666,2,2,11,6,11223,"[77, 61, 45, 66, 76, 1, 48, 51, 66, 54, 56, 64, 82, 43, 61, 80, 72]","[0, 621, 425, 326, 804, 346, 632, 835, 592, 484, 286, 1544, 543, 458, 695, 234, 196]","[0, 229.57008148413783, 158.48146525051297, 39.27612196517925, 140.5646881626678, 136.85183328234217, 284.6351218174145, 103.43769814224233, 42.72703403055425, 109.52049358469138, 79.10765959428996, 205.14859096875148, 291.8572088058505, 191.1842829557916, 103.30277109704174, 9.009922945340827, 3.2856959485399164]"
2023-08-30-17:20:22,b8e6d22ee39a4de0b0d7e6db65f8456c,zlf666,2,3,11,6,12401,"[1, 75, 77, 66, 61, 5, 77, 51, 25, 54, 60, 93, 65, 50, 53, 67, 89, 77, 47, 41, 59]","[0, 121, 259, 215, 1109, 288, 189, 544, 159, 235, 103, 1707, 216, 976, 71, 289, 134, 734, 295, 243, 149]","[0, 262.6698154832005, 185.42380484934725, 35.52294833417332, 148.25871750938626, 136.87627850971592, 288.0183997948973, 116.46454259803498, 35.0387781881315, 112.14395822250466, 79.07391493685395, 192.9666138447493, 185.22218647007136, 167.13477842117166, 3.1471361953493235, 266.64773218147025, 298.126991076606, 178.98265478584165, 118.28686191307969, 10.740554810127906, 2.3580353942953045]"
2023-08-30-17:22:47,4660c4e78a9e40a6a9f4cdf1525a4893,wujiahong,1,1,11,9,17447,"[1, 64, 76, 68, 44, 47, 79, 44, 86, 47, 55, 63, 72, 94, 52, 68, 63, 55, 49, 62]","[0, 1011, 367, 894, 488, 411, 644, 436, 540, 625, 407, 3700, 791, 663, 190, 656, 685, 399, 807, 325]","[0, 151.74094296880153, 120.91664521954559, 178.076266512211, 73.10308844561776, 29.25773413650753, 64.43525985927263, 4.33734130859375, 178.37544122791684, 100.47055425181132, 30.95006091392567, 57.14693896569618, 169.54568225465164, 41.51391001345166, 39.71959971275195, 233.54195664036067, 178.5044910732282, 95.05875004341708, 120.2594723294485, 79.56195854369867]"
2023-08-30-17:23:46,c1fa3851572947a0b9576ca525becf88,wujiahong,1,2,11,9,14077,"[81, 55, 40, 72, 73, 55, 70, 55, 63, 48, 39, 20, 62, 70, 65, 53, 64, 56, 128, 71]","[0, 805, 599, 773, 239, 193, 1677, 165, 736, 405, 143, 1925, 829, 161, 87, 430, 1111, 277, 243, 112]","[0, 132.27416462835518, 106.60066901745408, 189.97766039950227, 60.117861814950146, 36.70066324869788, 65.00431375377595, 1.7004512269493832, 174.88227753375276, 96.44335900953561, 32.758092826865294, 46.63517916306961, 172.5562047327994, 36.44466732980977, 39.64035222008186, 238.36761837360615, 199.57267549352852, 92.57100588437234, 123.49152532676626, 54.509669021595144]"
2023-08-30-17:24:31,27b2dc413f1a41508ac620afd8d9de6b,wujiahong,1,3,11,9,13559,"[2, 55, 57, 51, 75, 60, 67, 63, 59, 52, 70, 33, 53, 49, 58, 86, 63, 50, 80, 70, 51, 87, 59, 57, 39, 77]","[0, 465, 137, 632, 196, 325, 719, 125, 168, 610, 128, 1898, 209, 507, 124, 52, 1829, 479, 274, 491, 119, 29, 480, 178, 169, 78]","[0, 136.6254765580199, 94.48575375788107, 176.83164106743197, 69.68621920402698, 38.37030476120519, 67.39573160807296, 4.124946185133881, 175.54936553415263, 105.62116077828426, 72.87877372288496, 34.36223715250251, 164.86783099982503, 40.8042497393716, 27.010820821882568, 238.37735210068186, 291.82437459131654, 1.4151630960072505, 4.337361653645871, 76.34633995865457, 39.87449131531218, 239.53981616773632, 184.5285742424108, 96.3997231996211, 119.43521019058089, 78.6951099376739]"
2023-08-30-17:25:11,53f6b423046b45c3bb1672cd30e060e2,wujiahong,1,4,11,9,9997,"[3, 1, 58, 46, 48, 63, 46, 44, 53, 1, 60, 32, 54, 51, 72, 42, 35, 53, 45, 49, 55]","[0, 1664, 435, 239, 706, 270, 312, 508, 184, 610, 559, 194, 1197, 656, 214, 131, 393, 588, 293, 262, 158]","[0, 11.935537380836001, 141.1700642617584, 107.52023680183679, 190.20530586875918, 67.75857948110523, 38.09344383489648, 74.78346065112414, 6.554823122331525, 179.2357029435081, 112.82446927054417, 41.037994384765625, 52.909976978983444, 182.1286468416043, 44.46504318339069, 40.60091351845724, 246.40146791771738, 193.25252965271997, 97.57355046860559, 122.47349749467668, 56.84279916711793]"
2023-08-30-17:25:44,7d4b0bfedaea4d17a6923fc4ff09ebaa,wujiahong,1,5,11,9,8281,"[59, 38, 38, 41, 70, 47, 46, 41, 64, 52, 49, 61, 64, 50, 57, 55, 49, 68, 55, 49]","[0, 226, 92, 693, 196, 205, 291, 102, 704, 160, 144, 1557, 99, 184, 95, 59, 545, 212, 197, 140]","[0, 136.55132099454244, 94.43547157357179, 162.96793994967607, 85.74864686775155, 44.5856654065693, 76.46299728023303, 3.3353231807045236, 171.49340812465564, 102.54685343210048, 37.87960966030436, 62.976189123055754, 174.16635282463656, 41.18359342172619, 37.70141245090397, 220.89020859159876, 174.14173782605963, 84.31426962239871, 104.99275375780024, 65.48918981012257]"
2023-08-30-17:26:31,809d0d72a98d41b7820a9a80e0652fa7,wujiahong,2,1,11,9,15569,"[1, 49, 49, 45, 58, 71, 56, 71, 93, 29, 37, 62, 66, 61, 65, 56, 83, 69, 70, 73, 69, 84, 70, 54]","[0, 873, 511, 777, 270, 293, 557, 224, 467, 497, 293, 2131, 489, 589, 108, 502, 754, 168, 195, 148, 1152, 341, 700, 175]","[0, 150.05607212078516, 117.5788243036132, 176.54932761798435, 75.4060867898757, 40.63975898186001, 53.7174249600685, 11.802235624743336, 173.64802819553069, 100.148209048925, 33.44578696453403, 67.69532745341836, 184.88111129863054, 35.23755001850118, 29.696572832130695, 235.36030684060097, 193.62739683180254, 105.51461243005917, 130.84502431451557, 86.389824784048, 146.18057941492845, 7.562525433133219, 93.8696481089337, 77.72573009086443]"
2023-08-30-17:27:11,9ff5c426919d4540bb478d904bbee022,wujiahong,2,2,11,9,13298,"[0, 57, 46, 42, 47, 46, 58, 54, 47, 73, 29, 35, 19, 57, 51, 43, 71, 60, 54, 59, 39, 57, 43, 64]","[0, 530, 597, 607, 273, 217, 774, 259, 516, 291, 131, 1913, 483, 327, 244, 505, 623, 421, 204, 170, 777, 482, 111, 510]","[0, 149.80871703206319, 117.59537354603295, 172.7639194891391, 64.06711760643718, 27.409423944564402, 59.17754431733688, 20.159159903934, 166.0232725052243, 97.50648206692927, 29.028791087747845, 76.04620186479634, 183.20810759477533, 35.666961166847955, 47.032613912011485, 244.97775114296874, 198.67955544077012, 81.79700520736189, 131.64854385609104, 71.51658469157671, 129.81426075406054, 58.966872827212136, 4.924206595036234, 126.55536193122916]"
2023-08-30-17:27:43,9a44cabdb9df4ecfb161124531ef9b1f,wujiahong,2,3,11,9,9971,"[1, 66, 54, 57, 72, 46, 29, 58, 76, 60, 40, 57, 62, 55, 60, 83, 71, 67, 57, 51, 69, 19]","[0, 234, 103, 623, 179, 170, 337, 102, 167, 113, 256, 1149, 198, 2096, 102, 348, 91, 46, 513, 167, 132, 133]","[0, 144.85466453190853, 114.67420688783942, 184.5550938585306, 77.40570685498932, 36.37889791200205, 82.19039621496212, 4.9596700040776724, 170.95498038887177, 113.18776977062726, 31.66901533230637, 255.79433460681827, 269.15542165317413, 66.25115700560968, 170.30158570411552, 35.99097310489665, 29.122797226093258, 238.17584000311646, 177.28952878439964, 101.55825099364483, 131.19597896162563, 66.37682144569845]"
2023-08-30-17:29:07,f6a5fb21a11943b484d3acedbb785cc2,pp,1,1,11,3,13346,"[92, 108, 46, 85, 1, 5, 74, 78, 82, 89, 61, 1, 0, 75, 59, 74]","[0, 409, 145, 675, 345, 148, 317, 658, 282, 85, 193, 2994, 155, 1929, 701, 683]","[0, 279.59398845853667, 42.8102093752707, 111.8303194104545, 193.55388327236886, 8.068738275358161, 99.72077086455424, 209.43276923996234, 133.1913933622773, 6.672841389973939, 93.75407200672471, 89.82437372965204, 3.2857124673195934, 104.21437481322621, 87.52097069563389, 67.01281264675852]"
2023-08-30-17:29:44,1416538b0d15488196fa23ada41f6232,pp,1,1,11,10,13347,"[83, 87, 70, 97, 3, 62, 88, 76, 64, 69, 98, 77, 42, 1, 4, 70, 71, 2, 78, 67, 66, 64, 68, 78, 80, 81, 68]","[0, 422, 97, 210, 212, 87, 154, 275, 931, 483, 345, 71, 210, 1199, 1120, 347, 35, 277, 530, 368, 151, 106, 121, 588, 233, 412, 215]","[0, 278.57010520443697, 30.88617039396567, 101.12880136820257, 160.21630857341776, 1.6676392118033403, 106.20091275251015, 185.41351938692975, 313.37221158589233, 316.91185943188685, 128.78763599669068, 11.055538748676655, 94.43017772402602, 81.75325278452024, 45.8328876040199, 115.50960030257791, 3.5458777758678366, 120.34010314872339, 314.4677565793639, 214.41163826597918, 55.09321012490571, 46.02866356336752, 93.58608530469179, 104.9427131506471, 167.76598769524534, 198.25591930606893, 67.02470686851679]"
2023-08-30-17:30:41,05783f10313445e789a324c44e143282,pp,1,2,11,10,11174,"[2, 100, 65, 61, 1, 55, 63, 8, 62, 66, 70, 2, 74, 67, 67, 78, 77, 62, 55, 53, 49]","[0, 444, 201, 706, 739, 104, 251, 720, 508, 102, 285, 1284, 835, 519, 203, 142, 167, 185, 363, 588, 199]","[0, 292.9447285981535, 37.82084890846, 121.94413269314529, 186.52062967796974, 8.25362277716382, 99.42537434895837, 211.53576390017915, 147.2658321764939, 5.550922640502281, 96.23699012177238, 89.98193622842928, 322.4767464897151, 203.50835213900518, 55.03649082243725, 48.93573161229259, 93.99569143851731, 104.30141667378199, 179.15183407623243, 208.351775104609, 68.9998885759373]"
2023-08-30-17:31:18,ecfe7dd3fadb497da4c587eaa1c3b711,pp,1,3,11,10,10528,"[104, 88, 64, 77, 0, 62, 65, 109, 76, 95, 48, 56, 69, 86, 27, 102, 67, 0, 89, 74, 100, 63, 66, 63, 109, 82, 71]","[0, 24, 148, 122, 109, 69, 151, 46, 184, 74, 74, 950, 82, 899, 263, 141, 135, 1133, 373, 604, 202, 126, 134, 503, 131, 121, 363]","[0, 275.2949039566413, 33.233641229018225, 106.54935328598059, 176.5348690774232, 5.698748108778549, 88.7795340321753, 213.2349523205163, 146.9120030143219, 7.382109273265226, 97.23638198520882, 141.33231772352363, 3.1464460978228006, 7.787073543255545, 200.0249432161885, 7.13233484373441, 110.44280457060515, 93.69399534543179, 331.28356939329086, 200.96682662532731, 54.408851029978194, 52.62920641518778, 101.89870530153229, 121.4463881783607, 171.44070167150034, 215.10403678837503, 87.12284579595558]"
2023-08-30-17:31:51,179477b04a524054be85242e25ba98d4,pp,1,4,11,10,11254,"[78, 70, 94, 69, 1, 70, 65, 81, 72, 82, 61, 1, 61, 71, 71, 70, 54, 49, 55, 88, 66]","[0, 601, 182, 394, 528, 79, 233, 663, 560, 70, 351, 1908, 566, 530, 205, 148, 155, 542, 405, 517, 175]","[0, 279.8220028678832, 49.73060009814856, 102.1603990632139, 183.5081029837718, 12.015756580378248, 93.08859126884536, 207.5779759663412, 129.7398718353416, 5.671276745948105, 106.46531391235544, 88.3467387744306, 305.42723681719514, 194.36442945396485, 47.8153562396643, 56.82719678885594, 97.4839335324088, 99.97436605713001, 164.3514086511111, 201.41941051394153, 69.78533122710127]"
2023-08-30-17:32:17,442b7d74bd504f1c8cf4c32623968df1,pp,1,5,11,10,6712,"[3, 70, 76, 94, 47, 3, 48, 1, 82, 74, 51, 5, 93, 55, 70, 66, 45, 53, 71, 81, 61]","[0, 27, 210, 161, 62, 157, 612, 273, 198, 84, 64, 1029, 95, 182, 486, 136, 168, 181, 52, 77, 129]","[0, 294.6213967024045, 31.073493471465774, 121.04165883980411, 178.91182221226762, 6.804849275043705, 115.44068761063004, 206.24375752330366, 144.43557118607902, 5.967752202190994, 119.13314175991628, 74.58235818028803, 310.5110710925623, 203.28344007098477, 69.49781738683828, 32.82668956591789, 112.24591141742677, 125.56426170065004, 171.45950792033247, 211.6068746379232, 76.81207456545073]"
2023-08-30-17:32:44,799c45ce952d4b80ad52b3a6992371ac,pp,2,1,11,10,9633,"[87, 81, 84, 66, 1, 2, 64, 102, 50, 75, 50, 1, 77, 66, 66, 91, 81, 61, 70, 66, 72, 91, 57]","[0, 427, 120, 280, 278, 129, 465, 327, 289, 81, 311, 883, 544, 777, 319, 534, 156, 102, 113, 168, 255, 540, 201]","[0, 278.97739362531115, 29.51351167273537, 117.44964243225053, 174.3450388040502, 3.4024346126954614, 107.92902072021599, 202.5482964392447, 144.8103297584278, 17.453670949305955, 101.20133926262638, 80.21220414868361, 315.2972923869992, 288.4600007577773, 265.2695894500185, 198.4102525563215, 59.95258778068295, 47.579190772528555, 101.57596909483154, 102.47348144763627, 172.28812061784782, 203.53156519508502, 65.85487228881857]"
2023-08-30-17:33:23,a5c6d2a5f3524aa18f9d09bb028b838b,pp,2,2,11,10,12691,"[83, 120, 108, 40, 89, 93, 74, 110, 75, 115, 121, 88, 78, 132, 110, 98, 84, 83, 94, 72, 93, 63, 92]","[0, 718, 129, 300, 582, 87, 211, 567, 863, 470, 308, 126, 323, 1278, 414, 481, 402, 231, 184, 573, 250, 490, 272]","[0, 280.60916979021613, 33.73709739218724, 123.39592760232208, 172.21396575926073, 2.237905939553926, 88.4751960296034, 216.6864807180309, 314.3789363456625, 321.36593849283275, 133.03057948571168, 11.523112015446804, 116.59574351656282, 70.25758209755674, 303.1188684741715, 215.9275195507081, 68.16504464634527, 40.240368547850444, 85.02826935524175, 99.36637356869959, 173.7013231321154, 222.86118737554122, 77.79560068396572]"
2023-08-30-17:33:49,c57a83e116dc4bc5b7baec34cbeef05f,pp,2,3,11,10,5837,"[57, 75, 67, 62, 67, 74, 86, 88, 67, 72, 52, 1, 69, 59, 67, 36, 70, 64, 83, 65, 56]","[0, 85, 128, 69, 39, 274, 272, 89, 286, 84, 117, 1129, 108, 155, 157, 115, 117, 177, 51, 33, 158]","[0, 281.6100409848825, 29.044110134027903, 119.45136688532767, 175.53415054055262, 2.539857340567326, 107.21590931883067, 201.85796874935363, 151.49306221948123, 3.4024266367802913, 95.09738863231202, 79.56157293581391, 317.61786810949593, 229.0783332172914, 56.78836117989895, 53.08046730646099, 102.55450052701866, 94.32847708741441, 178.60135149977094, 213.63834563039583, 93.05590749077209]"
2023-08-30-17:34:02,87f0d2d03a714e7586471d8e569130c3,pp,2,3,11,10,18701,"[57, 75, 67, 62, 67, 74, 86, 88, 67, 72, 52, 1, 69, 59, 67, 36, 70, 64, 83, 65, 56, 49, 66]","[0, 85, 128, 69, 39, 274, 272, 89, 286, 84, 117, 1129, 108, 155, 157, 115, 117, 177, 51, 33, 158, 11053, 871]","[0, 281.6100409848825, 29.044110134027903, 119.45136688532767, 175.53415054055262, 2.539857340567326, 107.21590931883067, 201.85796874935363, 151.49306221948123, 3.4024266367802913, 95.09738863231202, 79.56157293581391, 317.61786810949593, 229.0783332172914, 56.78836117989895, 53.08046730646099, 102.55450052701866, 94.32847708741441, 178.60135149977094, 213.63834563039583, 93.05590749077209, 158.34116830561703, 152.22970130335042]"
2023-08-30-17:34:28,8e02e268f8454dfe955f1cdad3b4c8b1,pp,2,3,11,10,8586,"[3, 81, 70, 82, 2, 77, 88, 86, 81, 33, 69, 110, 63, 57, 52, 52, 67, 36, 87, 71, 76, 1, 75, 100, 66, 60, 94, 80, 89, 71, 53]","[0, 52, 125, 60, 1164, 151, 119, 66, 45, 70, 210, 64, 189, 115, 89, 759, 51, 502, 214, 260, 198, 1148, 92, 107, 517, 169, 123, 195, 46, 41, 153]","[0, 293.0661649533161, 38.08780871391731, 112.20095153724047, 141.59160764366814, 270.0162512680314, 30.02779134114587, 102.42871470748737, 174.215191097985, 11.33935811414445, 100.98043946918479, 194.51600032630625, 129.9505588220077, 5.759465388671223, 112.49197909090972, 144.70364333181382, 7.0758442299957505, 9.432132940981662, 198.63239584713554, 1.4151559010623276, 102.5345029920955, 93.1820131225791, 319.77463832815323, 208.33428721254973, 59.795111972736464, 39.82023835704892, 96.69033870993105, 92.98707153471587, 163.79021536758026, 210.4717658343009, 84.43809329402987]"
2023-08-30-17:35:57,aaf7642c39c04a4e9f907269d6ba1e34,cyf,1,1,11,10,20121,"[66, 86, 82, 1, 54, 84, 97, 95, 80, 93, 64, 104, 87, 40, 81, 57, 82, 87, 66, 110, 84]","[0, 770, 346, 345, 911, 95, 437, 244, 198, 218, 718, 2460, 403, 854, 609, 168, 210, 170, 318, 240, 431]","[0, 241.80751755580027, 202.9432695727563, 39.54030073778046, 137.206416655432, 2.1100315937250436, 72.40343201799375, 30.407198851444456, 28.185197198709883, 30.05894095655665, 97.75944675357556, 145.30684378492413, 92.6454206784388, 162.0485948576751, 192.17650650504757, 58.91198160348996, 62.865642690450315, 66.11500182111261, 124.2852661611225, 111.4769216412312, 200.2735178880923]"
2023-08-30-17:36:55,65c95955e9e44d48835ec2a37d39acee,cyf,1,2,11,10,13956,"[58, 63, 67, 1, 87, 52, 59, 76, 65, 66, 62, 85, 78, 60, 77, 80, 73, 82, 82, 68, 58]","[0, 694, 454, 250, 537, 111, 361, 230, 167, 141, 470, 3991, 303, 297, 467, 142, 185, 171, 295, 223, 690]","[0, 239.9168229314543, 209.19794751622592, 41.48370370701682, 143.4367549415135, 5.671915690104157, 64.41454792541832, 35.82564238178526, 30.09439970095215, 24.169936418282727, 112.77122231904941, 157.96238285171904, 111.3124725826335, 194.96117847129926, 214.06042053569274, 71.38357285918802, 49.0172162563311, 60.39927173723635, 117.0350044404976, 116.7790654264593, 209.6694519662044]"
2023-08-30-17:37:36,72abdc96f2854ccbbafbd18d11533db5,cyf,1,3,11,10,9703,"[2, 61, 75, 1, 71, 67, 74, 73, 70, 64, 67, 90, 77, 91, 57, 76, 77, 74, 69, 80, 51]","[0, 238, 134, 277, 342, 132, 132, 289, 146, 137, 82, 1615, 131, 105, 25, 126, 151, 114, 69, 185, 53]","[0, 249.6020465367818, 216.20943298530173, 42.41943798520031, 143.43675188038432, 2.029450516534047, 67.74250418806855, 45.69006980738162, 28.81698871700886, 28.430094311218387, 116.99184532540933, 154.89242780242967, 93.93430506065495, 177.171880425197, 211.35793610081888, 86.32966228610388, 52.62369575253891, 60.57072300791455, 117.25914136430157, 118.21523173433732, 226.3473934703472]"
2023-08-30-17:38:09,2a17ba748b30407a9dc75e8d1c85c859,cyf,1,4,11,10,10645,"[46, 49, 76, 49, 59, 43, 58, 43, 40, 53, 80, 62, 48, 65, 57, 42, 37, 35, 45, 70, 73]","[0, 547, 371, 400, 735, 108, 324, 204, 131, 232, 1017, 1075, 288, 487, 643, 153, 177, 142, 314, 171, 308]","[0, 244.57090885450606, 221.14136123208155, 29.066813946223718, 143.83847060882493, 2.540733571630749, 66.95852030543178, 35.79926987440314, 27.18844722499758, 21.376512313752464, 108.61868735527878, 160.07454461197597, 113.41273117188456, 189.21473079963627, 210.50835743503444, 78.62116049743405, 50.27068698013162, 50.9960283069547, 117.95574119541325, 111.44898132819677, 205.6644817475481]"
2023-08-30-17:38:45,2c140a28c4f04739bd94a3175c07eb36,cyf,1,5,11,10,10677,"[1, 4, 50, 62, 0, 68, 48, 68, 61, 48, 56, 82, 74, 68, 48, 26, 52, 68, 59, 64, 58, 55]","[0, 1434, 63, 125, 261, 128, 108, 377, 354, 122, 194, 1083, 3021, 90, 128, 83, 156, 544, 405, 130, 798, 98]","[0, 14.18353981829313, 251.0852743473082, 219.53685399221567, 36.706703105841235, 149.0971026716966, 5.710993949876704, 62.34707243557293, 39.37544057120646, 30.711386887281748, 30.26323747047861, 105.09483708826691, 155.54840330102581, 97.49329393868196, 178.8633395444859, 208.98470459649582, 67.69604751850748, 54.61851677591272, 65.8492222117303, 128.7285408783792, 119.11215270557244, 219.22709977267417]"
2023-08-30-17:39:16,6290792fe7254a54a441b4465201ffd3,cyf,2,1,11,10,10887,"[1, 57, 68, 2, 57, 49, 72, 79, 95, 85, 85, 66, 60, 75, 106, 64, 79, 75, 67, 76, 77]","[0, 665, 343, 232, 612, 109, 420, 376, 555, 451, 886, 1039, 260, 265, 771, 156, 172, 133, 236, 192, 370]","[0, 245.39228559939687, 211.77630929698506, 42.54586930214689, 139.23109268105722, 4.487649142145924, 73.28276467393218, 30.911033966325913, 38.473836819278766, 43.06338171717272, 96.83897172268243, 147.0426890757916, 101.05426421429688, 181.26893514561763, 206.1593698398002, 75.02641911171995, 46.33342011499282, 63.44383056135273, 136.99481465520873, 93.47414839714149, 207.12636642436544]"
2023-08-30-17:40:00,df52182426cd45cdbcc28e84d11c4c31,cyf,2,2,11,10,11791,"[2, 53, 72, 1, 75, 49, 79, 99, 94, 89, 51, 60, 101, 51, 94, 78, 95, 92, 65, 49, 88]","[0, 503, 544, 303, 964, 113, 499, 914, 166, 142, 367, 1433, 212, 404, 612, 167, 140, 161, 297, 243, 749]","[0, 249.92061736693415, 219.17082106378254, 37.75462772371642, 148.1386575544207, 4.718365372536147, 67.75891819657305, 25.692614023903374, 40.900596138948465, 35.92916449609257, 95.65446537281014, 147.22521288064297, 86.23641466954064, 182.65636911480905, 205.1966951825752, 52.64080006679314, 47.07299199407447, 69.55444024757709, 120.82886348623879, 119.73687902250639, 206.6638451012144]"
2023-08-30-17:40:29,441cc1ea88e8405d87dbbf5ec002a71b,cyf,2,3,11,10,8228,"[1, 94, 70, 1, 52, 32, 64, 85, 63, 66, 65, 97, 84, 81, 42, 65, 99, 78, 69, 74, 59]","[0, 263, 117, 246, 288, 153, 400, 302, 127, 113, 428, 1457, 590, 128, 28, 139, 144, 144, 56, 196, 102]","[0, 251.01428819653532, 218.29697191113337, 34.1176525850693, 136.5395177521649, 9.725962669218701, 87.10361125859193, 32.09703580391733, 34.885103287856225, 31.48411979498247, 98.17094270183188, 152.00461809977398, 92.56426929413668, 182.34832212886514, 211.67603453256262, 73.38227014560233, 39.76891991182747, 65.06928516019543, 117.05403618728883, 108.77197782869291, 200.03766654202443]"
